{
  "flows": [
    {
      "priority": 60001,
      "timeout": 0,
      "isPermanent": true,
      "deviceId": "of:0000000000000002",
      "appName": "org.onosproject.manual-flows",
      "selector": {
        "criteria": [
          { "type": "IN_PORT", "port": "5" },
          { "type": "ETH_TYPE", "ethType": "0x0800" },
          { "type": "IPV4_DST", "ip": "192.168.0.100/32" }
        ]
      },
      "treatment": {
        "instructions": [
          { "type": "L2MODIFICATION", "subtype": "ETH_DST", "mac": "02:42:c0:a8:00:64" },
          { "type": "OUTPUT", "port": "2" }
        ]
      }
    },
    {
      "priority": 60001,
      "timeout": 0,
      "isPermanent": true,
      "deviceId": "of:0000000000000002",
      "appName": "org.onosproject.manual-flows",
      "selector": {
        "criteria": [
          { "type": "IN_PORT", "port": "2" },
          { "type": "ETH_TYPE", "ethType": "0x0800" },
          { "type": "IPV4_SRC", "ip": "192.168.0.100/32" }
        ]
      },
      "treatment": {
        "instructions": [
          { "type": "L2MODIFICATION", "subtype": "ETH_DST", "mac": "4e:69:90:bb:da:20" },
          { "type": "OUTPUT", "port": "5" }
        ]
      }
    }
  ]
}
